Guest,400,2022-12-07
Guest,400,2022-12-07
Guest,400,2022-12-07
Guest,400,2022-12-07
Guest,400,2022-12-07
Guest,400,2022-12-07
Guest,400,2022-12-07
Guest,400,2022-12-07
Guest,400,2022-12-07
Guest,400,2022-12-07
Guest,400,2022-12-07
Guest,400,2022-12-07
Guest,400,2022-12-07
Guest,400,2022-12-07
Guest,400,2022-12-07
Guest,400,2022-12-07
Guest,400,2022-12-07
Guest,400,2022-12-07
Guest,400,2022-12-07
Guest,400,2022-12-07
Guest,400,2022-12-11
Guest,400,2022-12-11
Guest,400,2022-12-11
Guest,400,2022-12-11
Guest,400,2022-12-11
Guest,400,2022-12-11
Guest,400,2022-12-11
Guest,400,2022-12-11
Guest,400,2022-12-11
Guest,400,2022-12-11
Guest,400,2022-12-11
Guest,400,2022-12-11
Guest,400,2022-12-11
Guest,400,2022-12-11
Guest,400,2022-12-11
Guest,400,2022-12-11
Guest,400,2022-12-12
Guest,400,2022-12-12
Guest,400,2022-12-12
Guest,400,2022-12-12
Guest,400,2022-12-12
Guest,400,2022-12-12
Guest,400,2022-12-12
Guest,400,2022-12-12
Guest,400,2022-12-14
Guest,400,2022-12-14
Guest,400,2022-12-14
Guest,400,2022-12-14
Guest,400,2022-12-14
Guest,400,2022-12-14
Guest,400,2022-12-14
Guest,400,2022-12-14
Guest,400,2022-12-14
Guest,400,2022-12-14
Guest,400,2022-12-14
Guest,400,2022-12-14
Guest,400,2022-12-14
Guest,400,2022-12-14
Guest,400,2022-12-14
Guest,400,2022-12-14
Guest,400,2022-12-14
Guest,400,2022-12-14
Guest,400,2022-12-14
Guest,400,2022-12-14
Guest,400,2022-12-14
Guest,400,2022-12-14
Guest,400,2022-12-14
Guest,400,2022-12-14
Guest,400,2022-12-14
Guest,400,2022-12-14
Guest,400,2022-12-14
Guest,400,2022-12-14
Guest,400,2022-12-14
Guest,400,2022-12-14
Guest,400,2022-12-14
Guest,400,2022-12-14
Guest,400,2022-12-14
Guest,400,2022-12-14
Guest,400,2022-12-14
Guest,400,2022-12-14
Guest,400,2022-12-14
Guest,400,2022-12-14
Guest,400,2022-12-14
Guest,400,2022-12-14
Guest,400,2022-12-14
Guest,400,2022-12-14
Guest,400,2022-12-14
Guest,400,2022-12-14
Guest,400,2022-12-14
Guest,400,2022-12-14
Guest,400,2022-12-14
Guest,400,2022-12-14
Guest,400,2022-12-16
Guest,400,2022-12-16
Guest,400,2022-12-16
Guest,400,2022-12-16
ghj,0,2022-12-16
Guest,400,2022-12-22
Guest,400,2022-12-22
Guest,400,2022-12-22
Guest,400,2022-12-22
Guest,400,2022-12-22
Guest,400,2022-12-22
Guest,400,2022-12-22
Guest,400,2022-12-22
Guest,400,2022-12-23
Guest,400,2022-12-23
Guest,400,2022-12-23
Guest,400,2022-12-23
Guest,400,2022-12-23
Guest,400,2022-12-23
Guest,400,2022-12-23
Guest,400,2022-12-23
Heheh,1192,2022-12-23
FINALTEST,1060,2022-12-23
Hehe,432,2022-12-23
Guest,0,2023-01-20
