MarcosKurap!,1454,2022-12-06
MaharlikaFundsIsAScam,1116,2022-12-06
Zero,0,2022-12-06
Zero,0,2022-12-06
Kamisato Ayaka,1327,2022-12-06
Arataki Itto,220,2022-12-06
Test,0,2022-12-06
Test,0,2022-12-06
Test,0,2022-12-06
Test,0,2022-12-06
Guest,300,2022-12-07
Guest,300,2022-12-07
Guest,300,2022-12-07
Guest,300,2022-12-07
Guest,300,2022-12-07
Guest,300,2022-12-07
Guest,300,2022-12-07
Guest,300,2022-12-07
Guest,300,2022-12-07
Guest,300,2022-12-07
Guest,300,2022-12-07
Guest,300,2022-12-07
Guest,300,2022-12-07
Guest,300,2022-12-07
Guest,300,2022-12-07
Guest,300,2022-12-07
Guest,0,2022-12-07
Guest,300,2022-12-07
Guest,300,2022-12-07
Guest,300,2022-12-07
Guest,300,2022-12-07
Sample,956,2022-12-09
Guest,300,2022-12-11
Guest,300,2022-12-11
Guest,300,2022-12-11
Guest,300,2022-12-11
Guest,300,2022-12-11
Guest,300,2022-12-11
Guest,300,2022-12-11
Guest,300,2022-12-11
Guest,300,2022-12-11
Guest,300,2022-12-11
Guest,300,2022-12-11
Guest,300,2022-12-11
Guest,300,2022-12-11
Guest,300,2022-12-11
Guest,300,2022-12-11
Guest,300,2022-12-11
Guest,300,2022-12-12
Guest,300,2022-12-12
Guest,300,2022-12-12
Guest,300,2022-12-12
Guest,300,2022-12-12
Guest,300,2022-12-12
Guest,300,2022-12-12
Guest,300,2022-12-12
Guest,0,2022-12-12
Sample,0,2022-12-14
Guest,300,2022-12-14
Guest,300,2022-12-14
Guest,300,2022-12-14
Guest,300,2022-12-14
Guest,300,2022-12-14
Guest,300,2022-12-14
Guest,300,2022-12-14
Guest,300,2022-12-14
Guest,300,2022-12-14
Guest,300,2022-12-14
Guest,300,2022-12-14
Guest,300,2022-12-14
Test,1065,2022-12-14
Guest,300,2022-12-14
Guest,300,2022-12-14
Guest,300,2022-12-14
Guest,300,2022-12-14
Guest,300,2022-12-14
Guest,300,2022-12-14
Guest,300,2022-12-14
Guest,300,2022-12-14
Guest,300,2022-12-14
Guest,300,2022-12-14
Guest,300,2022-12-14
Guest,300,2022-12-14
Guest,300,2022-12-14
Guest,300,2022-12-14
Guest,300,2022-12-14
Guest,300,2022-12-14
Guest,300,2022-12-14
Guest,300,2022-12-14
Guest,300,2022-12-14
Guest,300,2022-12-14
Guest,300,2022-12-14
Guest,300,2022-12-14
Guest,300,2022-12-14
Guest,300,2022-12-14
Guest,300,2022-12-14
Guest,300,2022-12-14
Guest,300,2022-12-14
Guest,300,2022-12-14
Guest,300,2022-12-14
Guest,300,2022-12-14
Guest,300,2022-12-14
Guest,300,2022-12-14
Guest,300,2022-12-14
Guest,300,2022-12-14
Guest,300,2022-12-14
Guest,300,2022-12-14
Guest,300,2022-12-16
Guest,300,2022-12-16
Guest,300,2022-12-16
Guest,300,2022-12-16
gjhgj,0,2022-12-16
Guest,300,2022-12-22
Guest,300,2022-12-22
Guest,300,2022-12-22
Guest,300,2022-12-22
Guest,300,2022-12-22
Guest,300,2022-12-22
Guest,300,2022-12-22
Guest,300,2022-12-22
Guest,300,2022-12-23
Guest,300,2022-12-23
Guest,300,2022-12-23
Guest,300,2022-12-23
Guest,300,2022-12-23
Guest,300,2022-12-23
Guest,300,2022-12-23
Guest,300,2022-12-23
Hehe,851,2022-12-23
dfgdf,0,2022-12-23
eyyy,1144,2022-12-23
