Andrew,1567,2022-12-05
Andrew,1740,2022-12-05
Zero,0,2022-12-05
Tester,0,2022-12-05
HelloHello,0,2022-12-05
Andrew,1364,2022-12-05
Sample,0,2022-12-05
Test,1584,2022-12-06
Andrew,2040,2022-12-06
Kamisato Ayaka,503,2022-12-06
Nilou,1076,2022-12-06
Kamisato Ayato,1074,2022-12-06
Test,1592,2022-12-06
Kaedahara Kazuha,1556,2022-12-06
Zero,0,2022-12-06
SampleTest,1828,2022-12-06
SampleTest2,2044,2022-12-06
SampleTest3,1970,2022-12-06
SampleTest4,1580,2022-12-06
Test,0,2022-12-06
Test,0,2022-12-06
Test,0,2022-12-06
Test,0,2022-12-06
Test,0,2022-12-06
Test,0,2022-12-06
Testu,1853,2022-12-06
Something,0,2022-12-06
Guest,0,2022-12-06
Guest,0,2022-12-06
Guest,0,2022-12-06
Guest,0,2022-12-06
TestIfNull,0,2022-12-06
Guest,0,2022-12-06
Sample,0,2022-12-06
Haha,1910,2022-12-06
Guest,100,2022-12-07
Guest,100,2022-12-07
Test,100,2022-12-07
Guest,100,2022-12-07
Test,100,2022-12-07
Guest,100,2022-12-07
Guest,100,2022-12-07
Andrew,100,2022-12-07
Test,100,2022-12-07
Raiden Shogun,100,2022-12-07
Guest,100,2022-12-07
Andrew,100,2022-12-07
Test,100,2022-12-07
Andrew,100,2022-12-07
Guest,100,2022-12-07
Guest,100,2022-12-07
Test,100,2022-12-07
Test,100,2022-12-07
Guest,100,2022-12-07
Test,100,2022-12-07
Raiden SHogun,100,2022-12-07
Ei,100,2022-12-07
Guest,100,2022-12-07
Guest,100,2022-12-07
Guest,100,2022-12-07
Guest,100,2022-12-07
Guest,100,2022-12-07
Guest,100,2022-12-07
Guest,100,2022-12-07
Guest,100,2022-12-07
Guest,100,2022-12-07
Guest,100,2022-12-07
Guest,100,2022-12-07
Guest,100,2022-12-07
Guest,100,2022-12-07
Guest,100,2022-12-07
Guest,100,2022-12-07
Guest,100,2022-12-07
Guest,100,2022-12-07
Guest,100,2022-12-07
Guest,100,2022-12-07
Guest,100,2022-12-07
asd,0,2022-12-07
Sample,100,2022-12-07
Guest,100,2022-12-07
Guest,100,2022-12-07
Guest,100,2022-12-07
Guest,100,2022-12-07
Guest,100,2022-12-07
Guest,100,2022-12-07
Guest,100,2022-12-07
Guest,100,2022-12-07
Guest,100,2022-12-07
Guest,100,2022-12-07
Guest,100,2022-12-07
Guest,100,2022-12-07
Guest,100,2022-12-07
Guest,100,2022-12-07
Guest,100,2022-12-07
Guest,0,2022-12-07
Guest,100,2022-12-07
Guest,100,2022-12-07
Guest,100,2022-12-07
Guest,100,2022-12-07
Sample,1008,2022-12-09
Eh?,1844,2022-12-10
Alisa,1751,2022-12-10
Lucky,692,2022-12-11
Guest,0,2022-12-11
Guest,100,2022-12-11
Guest,100,2022-12-11
Guest,100,2022-12-11
Guest,100,2022-12-11
Guest,100,2022-12-11
Guest,100,2022-12-11
Guest,100,2022-12-11
Guest,100,2022-12-11
TestScore,1538,2022-12-11
Guest,100,2022-12-11
Guest,100,2022-12-11
Guest,100,2022-12-11
Guest,100,2022-12-11
Guest,100,2022-12-11
Guest,100,2022-12-11
Guest,100,2022-12-11
Guest,100,2022-12-11
Guest,100,2022-12-12
Guest,100,2022-12-12
Guest,100,2022-12-12
Guest,100,2022-12-12
Sample,912,2022-12-12
Guest,100,2022-12-12
Guest,100,2022-12-12
Guest,100,2022-12-12
Guest,100,2022-12-12
MarcosTangaTangaTalaga,1768,2022-12-12
MarcosBULOK,2276,2022-12-12
Guest,100,2022-12-14
Guest,100,2022-12-14
Guest,100,2022-12-14
Guest,100,2022-12-14
Guest,100,2022-12-14
Guest,100,2022-12-14
Guest,100,2022-12-14
Guest,100,2022-12-14
Guest,100,2022-12-14
Guest,100,2022-12-14
Guest,100,2022-12-14
Guest,100,2022-12-14
Guest,100,2022-12-14
Guest,100,2022-12-14
Guest,100,2022-12-14
Guest,100,2022-12-14
Guest,100,2022-12-14
Guest,100,2022-12-14
Guest,100,2022-12-14
Guest,100,2022-12-14
Guest,100,2022-12-14
Guest,100,2022-12-14
Guest,100,2022-12-14
Guest,100,2022-12-14
Guest,100,2022-12-14
Guest,100,2022-12-14
Guest,100,2022-12-14
Guest,100,2022-12-14
Guest,100,2022-12-14
Guest,100,2022-12-14
Guest,100,2022-12-14
Guest,100,2022-12-14
Guest,100,2022-12-14
Guest,100,2022-12-14
Guest,100,2022-12-14
Guest,100,2022-12-14
Guest,100,2022-12-14
Guest,100,2022-12-14
Guest,100,2022-12-14
Guest,100,2022-12-14
Guest,100,2022-12-14
Guest,100,2022-12-14
Guest,100,2022-12-14
Guest,100,2022-12-14
Guest,100,2022-12-14
Guest,100,2022-12-14
Guest,100,2022-12-14
Guest,100,2022-12-14
Guest,100,2022-12-16
Guest,100,2022-12-16
Guest,100,2022-12-16
Guest,100,2022-12-16
Hahaha,1533,2022-12-16
Guest,998,2022-12-16
Guest,0,2022-12-16
Kazuma,1868,2022-12-21
Messi,1824,2022-12-21
Guest,0,2022-12-21
Sample,1289,2022-12-21
SAmple,1221,2022-12-21
hahha,0,2022-12-21
Sample,1457,2022-12-22
Guest,100,2022-12-22
Guest,100,2022-12-22
Guest,100,2022-12-22
Guest,100,2022-12-22
Guest,100,2022-12-22
Guest,100,2022-12-22
Guest,100,2022-12-22
Guest,100,2022-12-22
Guest,0,2022-12-23
Guest,0,2022-12-23
Guest,0,2022-12-23
Guest,100,2022-12-23
Guest,100,2022-12-23
Guest,100,2022-12-23
Guest,100,2022-12-23
Guest,100,2022-12-23
Guest,100,2022-12-23
Guest,100,2022-12-23
Guest,100,2022-12-23
Uwu,1452,2022-12-23
,0,2022-12-23
dsad,240,2022-12-23
Waka waka,1700,2022-12-23
