Sample,908,2022-12-05
Test,0,2022-12-06
Test,0,2022-12-06
Test,0,2022-12-06
Guest,200,2022-12-07
Guest,200,2022-12-07
Guest,200,2022-12-07
Guest,200,2022-12-07
Guest,200,2022-12-07
Guest,200,2022-12-07
Guest,200,2022-12-07
Guest,200,2022-12-07
Guest,200,2022-12-07
Guest,200,2022-12-07
Guest,200,2022-12-07
Guest,200,2022-12-07
Guest,200,2022-12-07
Guest,200,2022-12-07
Guest,200,2022-12-07
Guest,200,2022-12-07
Guest,200,2022-12-07
Guest,200,2022-12-07
Guest,200,2022-12-07
Guest,200,2022-12-07
Guest,200,2022-12-11
Guest,200,2022-12-11
Guest,200,2022-12-11
Guest,200,2022-12-11
Guest,200,2022-12-11
Guest,200,2022-12-11
Guest,200,2022-12-11
Guest,200,2022-12-11
Guest,200,2022-12-11
Guest,200,2022-12-11
Guest,200,2022-12-11
Guest,200,2022-12-11
Guest,200,2022-12-11
Guest,200,2022-12-11
Guest,200,2022-12-11
Guest,200,2022-12-11
Guest,200,2022-12-12
Guest,200,2022-12-12
Guest,200,2022-12-12
Guest,200,2022-12-12
Guest,0,2022-12-12
Guest,200,2022-12-12
Guest,200,2022-12-12
Guest,200,2022-12-12
Guest,200,2022-12-12
Guest,200,2022-12-14
Guest,200,2022-12-14
Guest,200,2022-12-14
Guest,200,2022-12-14
Guest,200,2022-12-14
Guest,200,2022-12-14
Guest,200,2022-12-14
Guest,200,2022-12-14
Guest,200,2022-12-14
Guest,200,2022-12-14
Guest,200,2022-12-14
Guest,200,2022-12-14
Guest,200,2022-12-14
Guest,200,2022-12-14
Guest,200,2022-12-14
Guest,200,2022-12-14
Guest,200,2022-12-14
Guest,200,2022-12-14
Guest,200,2022-12-14
Guest,200,2022-12-14
Guest,200,2022-12-14
Guest,200,2022-12-14
Guest,200,2022-12-14
Guest,200,2022-12-14
Guest,200,2022-12-14
Guest,200,2022-12-14
Guest,200,2022-12-14
Guest,200,2022-12-14
Guest,200,2022-12-14
Guest,200,2022-12-14
Guest,200,2022-12-14
Guest,200,2022-12-14
Guest,200,2022-12-14
Guest,200,2022-12-14
Guest,200,2022-12-14
Guest,200,2022-12-14
Guest,200,2022-12-14
Guest,200,2022-12-14
Guest,200,2022-12-14
Guest,200,2022-12-14
Guest,200,2022-12-14
Guest,200,2022-12-14
Guest,200,2022-12-14
Guest,200,2022-12-14
Guest,200,2022-12-14
Guest,200,2022-12-14
Guest,200,2022-12-14
Guest,200,2022-12-14
Guest,200,2022-12-16
Guest,200,2022-12-16
Guest,200,2022-12-16
Guest,200,2022-12-16
Guest,0,2022-12-16
Guest,200,2022-12-22
Guest,200,2022-12-22
Guest,200,2022-12-22
Guest,200,2022-12-22
Guest,200,2022-12-22
Guest,200,2022-12-22
Guest,200,2022-12-22
Guest,200,2022-12-22
Guest,200,2022-12-23
Guest,200,2022-12-23
Guest,200,2022-12-23
Guest,200,2022-12-23
Guest,200,2022-12-23
Guest,200,2022-12-23
Guest,200,2022-12-23
Guest,200,2022-12-23
UwU,1047,2022-12-23
dfg,0,2022-12-23
